,剧名,时间进度,进度,类型,封面图片
0,婆婆和妈妈第7期：婆媳岳婿大合宿！李佳航成伊能静麦迪娜工具人,93:16,99%,综艺,https:\/\/0img.hitv.com\/preview\/internettv\/sp_images\/ott\/2020\/5\/11\/zongyi\/338575\/20200511150305690-new.jpg
1,妻子的浪漫旅行第四季第5期：谢娜吃长桌宴馋哭何炅 蔡少芬张晋挑战女团舞,88:50,97%,综艺,https:\/\/3img.hitv.com\/preview\/internettv\/sp_images\/ott\/2020\/4\/30\/zongyi\/338481\/20200430163213468-new.jpg
2,《婆婆和妈妈》7月9日加长版看点：林志颖妈妈被喷恶婆婆？秦昊李晟姜潮挑战夹心饼难题,02:38,4%,,https:\/\/2img.hitv.com\/preview\/sp_images\/2020\/7\/8\/zongyi\/338575\/9255461\/20200708094331565.jpg
3,密室大逃脱第二季 大神版第2期：周峻纬变地产中介 神秘大厦怪事频发,47:10,96%,综艺,https:\/\/0img.hitv.com\/preview\/internettv\/sp_images\/ott\/2020\/7\/2\/zongyi\/340817\/20200702133659226-new.jpg
4,奈何BOSS又如何 第16集 聂星辰改造老房打动廖总夫妇,51:19,96%,电视剧,https:\/\/3img.hitv.com\/preview\/sp_images\/2020\/06\/01\/20200601145727124.jpg
5,密室大逃脱第二季第2期：大厦疑云,100:13,96%,综艺,https:\/\/1img.hitv.com\/preview\/internettv\/sp_images\/ott\/2020\/7\/2\/zongyi\/338403\/20200702175114030-new.jpg
6,那江烟花那江雨 赵弈钦狂撩正经人吴佳怡,00:15,47%,电视剧,https:\/\/3img.hitv.com\/preview\/sp_images\/2020\/7\/5\/dianshiju\/340647\/9136779\/20200705205914089.jpg
7,那江烟花那江雨 吴佳怡深陷权谋争斗步步危机,02:48,100%,电视剧,https:\/\/0img.hitv.com\/preview\/sp_images\/2020\/7\/6\/dianshiju\/340647\/9160345\/20200706093010717.jpg
8,那江烟花那江雨 吴佳怡携手赵弈钦 “怪味”撒糖,01:17,100%,电视剧,https:\/\/1img.hitv.com\/preview\/sp_images\/2020\/7\/4\/dianshiju\/340647\/9094926\/20200704233401565.jpg
9,快乐大本营20200704期：秦昊现场跳《无价之姐》 秦岚魏大勋林允陷人设崩塌危机,94:00,96%,综艺,https:\/\/3img.hitv.com\/preview\/internettv\/sp_images\/ott\/2019\/12\/2\/zongyi\/334727\/20191202115328263-new.jpg
10,乘风破浪的姐姐 第4期：姐姐重组3人团 考评难度升级,114:47,36%,综艺,https:\/\/3img.hitv.com\/preview\/internettv\/sp_images\/ott\/2020\/5\/21\/zongyi\/338497\/20200521160918831-new.jpg
11,妻子的浪漫旅行 第四季 06期看点：妻子团踢馆《姐姐》,02:02,68%,综艺,https:\/\/2img.hitv.com\/preview\/sp_images\/2020\/7\/4\/zongyi\/338481\/9018765\/20200704003230723.jpg
12,婆婆和妈妈 李佳航写歌请教毛不易,02:32,1%,综艺,https:\/\/3img.hitv.com\/preview\/sp_images\/2020\/7\/2\/zongyi\/338575\/8940431\/20200702171719104.jpg
13,婆婆和妈妈 伊能静意外跌倒陷危机！,02:01,100%,综艺,https:\/\/0img.hitv.com\/preview\/sp_images\/2020\/7\/2\/zongyi\/338575\/8940426\/20200702170810134.jpg
14,笑起来真好看第8期：秦霄贤低音炮超惊艳 高露为爱上演“变形计”,90:42,100%,综艺,https:\/\/2img.hitv.com\/preview\/internettv\/sp_images\/ott\/2020\/4\/21\/zongyi\/338192\/20200421145513450-new.jpg
15,【奈何Boss又如何】失忆总裁X腹黑女秘书 男主攻到让人想谈恋爱,02:44,1%,原创,https:\/\/1img.hitv.com\/preview\/internettv\/sp_images\/ott\/2020\/5\/26\/yuanchuang\/339237\/20200526182434388-new.jpg
16,拜托，请你爱我 第1集 易涵裴呦呦“公开恋情”,44:16,13%,电视剧,https:\/\/3img.hitv.com\/preview\/internettv\/sp_images\/ott\/2019\/12\/19\/dianshiju\/333652\/20191219164930758-new.jpg
17,蜗牛与黄鹂鸟 第1集 方小莴和李臻言钢琴合奏被吐槽,37:46,2%,电视剧,https:\/\/1img.hitv.com\/preview\/internettv\/sp_images\/ott\/2020\/3\/12\/dianshiju\/337066\/20200312162941716-new.jpg
18,十五年等待候鸟 第24集 尚轩等待黎璃归来,40:44,92%,电视剧,https:\/\/3img.hitv.com\/preview\/internettv\/sp_images\/ott\/2016\/dianshiju\/290535\/20160226125026974-new.jpg
19,说唱听我的第2期：Free-Out失利MC光光引质疑？俞天时小鸭哥最强battle,103:18,1%,综艺,https:\/\/4img.hitv.com\/preview\/sp_images\/2020\/06\/08\/20200608142541795.jpg
20,乘风破浪的姐姐 04期看点：三人团战即将开启,00:30,100%,综艺,https:\/\/1img.hitv.com\/preview\/sp_images\/2020\/6\/28\/zongyi\/338497\/8616649\/20200628111331894.jpg
21,向往的生活 第四季 周深“白T狂魔”在线收拾行李,02:51,32%,综艺,https:\/\/1img.hitv.com\/preview\/sp_images\/2020\/6\/22\/zongyi\/337284\/8446095\/20200622144846265.jpg
22,向往的生活 第四季 毛不易C位亮相蘑菇屋唱跳舞台  ,00:47,100%,综艺,https:\/\/2img.hitv.com\/preview\/sp_images\/2020\/6\/19\/zongyi\/337284\/8402798\/20200619185716908.jpg
23,哪吒降妖记 第1集 哪吒大闹东海龙王寿宴,60:52,1%,电视剧,https:\/\/4img.hitv.com\/preview\/internettv\/sp_images\/ott\/2020\/6\/3\/dianshiju\/339524\/20200603152709535-new.jpg
24,乘风破浪的姐姐 03期看点：首场公演高燃来袭,00:32,9%,综艺,https:\/\/3img.hitv.com\/preview\/sp_images\/2020\/6\/22\/zongyi\/338497\/8439276\/20200622143507309.jpg
25,韫色过浓 《韫色过浓》云直播全程回顾,81:34,1%,电视剧,https:\/\/1img.hitv.com\/preview\/sp_images\/2020\/5\/4\/dianshiju\/338408\/8028594\/20200504212432351.jpg
26,韫色过浓 第5集 苏矜北初到周家下厨闯祸,40:24,44%,电视剧,https:\/\/1img.hitv.com\/preview\/internettv\/sp_images\/ott\/2020\/4\/27\/dianshiju\/338408\/20200427143914512-new.jpg
27,“反派”反差萌！秦昊和伊能静钟丽缇爬山学跳女团舞！,01:29,100%,,https:\/\/3img.hitv.com\/preview\/sp_images\/2020\/6\/22\/zongyi\/338575\/8448217\/20200622165308304.jpg
28,妻子的浪漫旅行 第四季 04期看点：谢娜送金瀚黑暗料理,00:41,1%,综艺,https:\/\/0img.hitv.com\/preview\/sp_images\/2020\/6\/22\/zongyi\/338481\/8450041\/20200622190921687.jpg
29,乘风破浪的姐姐 黄龄借歌表白女神钟丽缇,03:51,1%,综艺,https:\/\/0img.hitv.com\/preview\/sp_images\/2020\/6\/22\/zongyi\/338497\/8440883\/20200622112800895.jpg
30,塞上风云记 第1集 吕俊杰戏弄鲁先生,45:25,89%,电视剧,https:\/\/2img.hitv.com\/preview\/sp_images\/2020\/06\/11\/20200611103333064.jpg
31,我们的乐队第13期：总决赛王俊凯为排练操碎心 总裁合作舞台超燃引尖叫！,124:18,98%,综艺,https:\/\/3img.hitv.com\/preview\/internettv\/sp_images\/ott\/2020\/2\/16\/zongyi\/336285\/20200216142425280-new.jpg
32,奈何BOSS又如何 良辰美景昵称公开 严总嘴超甜不筐瓢,00:31,19%,电视剧,https:\/\/2img.hitv.com\/preview\/sp_images\/2020\/6\/18\/dianshiju\/336024\/8389874\/20200618173538406.jpg
33,奈何BOSS又如何 聂秘重回严总身边 ,01:41,81%,电视剧,https:\/\/3img.hitv.com\/preview\/sp_images\/2020\/6\/16\/dianshiju\/336024\/8368661\/20200616115150541.jpg
34,奈何BOSS又如何 良辰美景开车啦！,05:50,71%,电视剧,https:\/\/3img.hitv.com\/preview\/sp_images\/2020\/6\/18\/dianshiju\/336024\/8390539\/20200618174214660.jpg
35,婆婆和妈妈 林志颖妈妈向儿子含泪道歉！,02:17,63%,综艺,https:\/\/0img.hitv.com\/preview\/sp_images\/2020\/6\/18\/zongyi\/338575\/8389900\/20200618162648404.jpg
36,乘风破浪的姐姐 主题曲《无价之姐》A爆上线！,03:09,1%,综艺,https:\/\/0img.hitv.com\/preview\/sp_images\/2020\/6\/18\/zongyi\/338497\/8386102\/20200618084948560.jpg
37,乘风破浪的姐姐 02期看点：伊能静现场泪崩？,00:16,69%,综艺,https:\/\/3img.hitv.com\/preview\/sp_images\/2020\/6\/12\/zongyi\/338497\/8339966\/20200612143425923.jpg
38,婆婆和妈妈 陈若仪妯娌比拼被冷落？,02:53,16%,综艺,https:\/\/2img.hitv.com\/preview\/sp_images\/2020\/6\/17\/zongyi\/338575\/8377917\/20200617144835717.jpg
39,快乐大本营 2020 刘敏涛在线解释可盐可甜,00:53,1%,综艺,https:\/\/1img.hitv.com\/preview\/sp_images\/2020\/6\/14\/zongyi\/334727\/8353766\/20200614091257168.jpg
40,快乐大本营 2020 王俊凯画蜡笔小新“翻车现场”,01:07,10%,综艺,https:\/\/0img.hitv.com\/preview\/sp_images\/2020\/6\/14\/zongyi\/334727\/8353767\/20200614091402267.jpg
41,向往的生活第四季第6期：谭松韵吐槽彭昱畅结婚太难？许魏洲任嘉伦合体热舞,112:35,5%,综艺,https:\/\/2img.hitv.com\/preview\/internettv\/sp_images\/ott\/2020\/4\/28\/zongyi\/337284\/20200428105827814-new.jpg
42,妻子的浪漫旅行 第四季 02期看点：蔡少芬当导游遭质疑,03:44,92%,综艺,https:\/\/0img.hitv.com\/preview\/sp_images\/2020\/6\/6\/zongyi\/338481\/8288653\/20200606162019271.jpg
43,妻子的浪漫旅行 第四季 02期看点：新晋小帮手上线！,00:45,98%,综艺,https:\/\/0img.hitv.com\/preview\/sp_images\/2020\/6\/9\/zongyi\/338481\/8306926\/20200609100604872.jpg
44,婆婆和妈妈 秦昊担心米粒受欺负哭出声,01:26,100%,综艺,https:\/\/0img.hitv.com\/preview\/sp_images\/2020\/6\/11\/zongyi\/338575\/8332007\/20200611174259604.jpg
45,回到过去拥抱你 彭昱畅携手侯明昊经历奇幻青春,90:55,3%,电影,https:\/\/0img.hitv.com\/preview\/internettv\/sp_images\/ott\/2019\/6\/10\/dianying\/330072\/20190610110523908-new.jpg
46,韫色过浓 周宝贝与北宝贝的跨时空恋爱,30:11,3%,电视剧,https:\/\/3img.hitv.com\/preview\/sp_images\/2020\/6\/4\/dianshiju\/338408\/8274563\/20200604180606112.jpg
47,长安少年行 第24集 依依自揭女儿身 韩大人自尽,45:39,84%,电视剧,https:\/\/3img.hitv.com\/preview\/internettv\/sp_images\/ott\/2020\/4\/20\/dianshiju\/337579\/20200420200535852-new.jpg
48,亲爱的王子大人 第1集 孙小桃面试遭刁难,29:05,70%,电视剧,https:\/\/3img.hitv.com\/preview\/internettv\/sp_images\/ott\/2017\/dianshiju\/317117\/20170828111115911-new.jpg
49,爱的复仇 第1集 鹏坤受伤住院,27:25,3%,电视剧,https:\/\/2img.hitv.com\/preview\/internettv\/sp_images\/ott\/2020\/6\/2\/dianshiju\/339205\/20200602145423749-new.jpg
50,小鬼-王琳凯&袁娅维新潮领军 《说唱听我的》让rap流动更流行,01:14,100%,,https:\/\/3img.hitv.com\/preview\/sp_images\/2020\/5\/21\/zongyi\/336138\/8161179\/20200521105322280.jpg
51,妻子的浪漫旅行 第四季 张歆艺袁弘期待沙漠冒险,00:27,15%,综艺,https:\/\/1img.hitv.com\/preview\/aicrop\/2020\/05\/29\/4681785\/crop_500x284_2083_1.jpg
52,《妻子的浪漫旅行》第4季即将出发，谢娜搭档四位新朋友开启新旅程,01:10,4%,,https:\/\/2img.hitv.com\/preview\/sp_images\/2020\/5\/28\/zongyi\/338481\/8213710\/20200528092626981.jpg
53,妻子的浪漫旅行番外篇：谢娜应采儿颖儿程莉莎吐露绝密心声,65:55,1%,综艺,https:\/\/3img.hitv.com\/preview\/internettv\/sp_images\/ott\/2018\/zongyi\/325599\/20180817104937574-new.jpg
54,山寨小萌主 第1集 常乐顶替玉瑶嫁入太子府,46:14,5%,电视剧,https:\/\/0img.hitv.com\/preview\/internettv\/sp_images\/ott\/2020\/3\/13\/dianshiju\/336825\/20200313091506866-new.jpg
55,我不是购物狂 第44集 高杨严励摆脱困境开启全新生活,40:24,89%,电视剧,https:\/\/1img.hitv.com\/preview\/internettv\/sp_images\/ott\/2019\/12\/23\/dianshiju\/335545\/20191223151800042-new.jpg
56,秋蝉 第6集 叶冲小庄故交相遇,44:00,3%,电视剧,https:\/\/3img.hitv.com\/preview\/internettv\/sp_images\/ott\/2020\/4\/29\/dianshiju\/316458\/20200429175530520-new.jpg
57,韫色过浓 苏矜北怀孕？,01:55,53%,电视剧,https:\/\/1img.hitv.com\/preview\/sp_images\/2020\/05\/23\/20200523172530111.jpg
58,韫色过浓 韫北夫妇的民政局准备好了吗,01:38,62%,电视剧,https:\/\/0img.hitv.com\/preview\/sp_images\/2020\/05\/23\/20200523172359496.jpg
59,婆婆和妈妈 林志颖妈妈不满陈若仪穿衣太暴露,01:09,100%,综艺,https:\/\/0img.hitv.com\/preview\/sp_images\/2020\/5\/23\/zongyi\/338575\/8182184\/20200523205126945.jpg
60,我不是购物狂 众人帮易能购恢复声誉,02:06,27%,电视剧,https:\/\/0img.hitv.com\/preview\/sp_images\/2020\/2\/6\/dianshiju\/335545\/7511985\/20200206214247956.jpg
61,摩玉玄奇 第2集 若琪与佟佳大人初见,02:06,1%,电视剧,https:\/\/1img.hitv.com\/preview\/internettv\/sp_images\/ott\/2020\/5\/15\/dianshiju\/338856\/20200515155925251-new.jpg
62,陪你到世界之巅 第2集 邱樱偷拍季向空顾放的谈话,35:32,5%,电视剧,https:\/\/3img.hitv.com\/preview\/internettv\/sp_images\/ott\/2019\/5\/15\/dianshiju\/329692\/20190515151018391-new.jpg
63,相爱穿梭千年 第2集 公明懵懂进城惊险邂逅湘湘,45:27,1%,电视剧,https:\/\/0img.hitv.com\/preview\/internettv\/sp_images\/ott\/2016\/dianshiju\/104611\/20161004100226460-new.jpg
64,我不是购物狂 严嫣然入狱 但后悔已经晚了,01:06,12%,电视剧,https:\/\/2img.hitv.com\/preview\/sp_images\/2020\/2\/6\/dianshiju\/335545\/7511979\/20200206213935478.jpg
65,我不是购物狂 养眼cp重修旧好,01:38,100%,电视剧,https:\/\/2img.hitv.com\/preview\/sp_images\/2020\/2\/6\/dianshiju\/335545\/7511980\/20200206214102790.jpg
66,By2《BECAUSE OF YOU》电视剧《亲爱的，公主病》主题曲,03:40,16%,,https:\/\/2img.hitv.com\/preview\/sp_images\/2016\/yinle\/130271\/3355098\/20160811151128366.jpg
67,《秋蝉》任嘉伦忍不住表白，李曼却不理睬，我们冲哥这下尴尬了！,01:13,42%,,https:\/\/3img.hitv.com\/preview\/sp_images\/2020\/5\/8\/shenghuo\/334942\/8058746\/20200508150113729.jpg
68,极速救援 “愉悦”CP甜虐日常,02:00,18%,电视剧,https:\/\/2img.hitv.com\/preview\/sp_images\/2019\/12\/4\/dianshiju\/334084\/7178835\/20191204160549006.jpg
69,蝴蝶公墓 张俪锦荣人蝶之恋改写悬奇,00:30,20%,电影,https:\/\/3img.hitv.com\/preview\/sp_images\/2017\/dianying\/314707\/3910440\/20170424104647649.jpg
70,摩玉玄奇 堪称史上最强后宫升级攻略,00:25,44%,电视剧,https:\/\/0img.hitv.com\/preview\/sp_images\/2020\/5\/15\/dianshiju\/338856\/8117564\/20200515154309719.jpg
71,韫色过浓 周时韫第一次见女方家长是什么感觉,00:44,80%,电视剧,https:\/\/3img.hitv.com\/preview\/sp_images\/2020\/5\/15\/dianshiju\/338408\/8118674\/20200515175559183.jpg
72,韫色过浓 周医生急成热锅上的蚂蚁,01:17,100%,电视剧,https:\/\/3img.hitv.com\/preview\/sp_images\/2020\/5\/15\/dianshiju\/338408\/8118675\/20200515175812314.jpg
73,韫色过浓 韫北夫妇泥巴吻新解,00:39,90%,电视剧,https:\/\/3img.hitv.com\/preview\/sp_images\/2020\/5\/16\/dianshiju\/338408\/8124665\/20200516172158543.jpg
74,韫色过浓 用MV的方式打开泥巴吻,00:32,100%,电视剧,https:\/\/1img.hitv.com\/preview\/sp_images\/2020\/5\/16\/dianshiju\/338408\/8124666\/20200516172317506.jpg
75,韫色过浓 禹兮小朋友满脸问号变话痨,01:52,12%,电视剧,https:\/\/2img.hitv.com\/preview\/sp_images\/2020\/5\/3\/dianshiju\/338408\/8022441\/20200503235230401.jpg
76,韫色过浓 气场两米八苏演员在线撒娇,01:06,1%,电视剧,https:\/\/0img.hitv.com\/preview\/sp_images\/2020\/5\/9\/dianshiju\/338408\/8064204\/20200509094213960.jpg
77,韫色过浓 北北吐槽周先生钢铁直男,00:44,1%,电视剧,https:\/\/1img.hitv.com\/preview\/sp_images\/2020\/5\/4\/dianshiju\/338408\/8022683\/20200504002440298.jpg
78,韫色过浓 韫北夫妇初吻一波三折,02:32,1%,电视剧,https:\/\/3img.hitv.com\/preview\/sp_images\/2020\/5\/10\/dianshiju\/338408\/8078109\/20200510232026891.jpg
79,韫色过浓 甜蜜kiss 时韫送矜北传家宝耳环,01:35,1%,电视剧,https:\/\/2img.hitv.com\/preview\/sp_images\/2020\/5\/9\/dianshiju\/338408\/8064187\/20200509094005018.jpg
80,韫色过浓 韫北夫妇惊声尖叫 蜘蛛表示很无辜,01:02,19%,电视剧,https:\/\/0img.hitv.com\/preview\/sp_images\/2020\/5\/2\/dianshiju\/338408\/8011655\/20200502204531223.jpg
81,韫色过浓 韫北夫妇山区救助感情升温！,01:31,1%,电视剧,https:\/\/2img.hitv.com\/preview\/sp_images\/2020\/5\/10\/dianshiju\/338408\/8074742\/20200510154225429.jpg
82,韫色过浓 苏衿北秀恩爱合集好上头,00:18,1%,电视剧,https:\/\/2img.hitv.com\/preview\/sp_images\/2020\/5\/10\/dianshiju\/338408\/8071594\/20200510000011841.jpg
83,韫色过浓 矜北带时韫见父母 肖远宋体检出大事？,01:37,100%,电视剧,https:\/\/2img.hitv.com\/preview\/sp_images\/2020\/5\/2\/dianshiju\/338408\/8010819\/20200502193305336.jpg
84,向往的生活 第四季 任嘉伦谭松韵合体蘑菇屋,02:37,1%,综艺,https:\/\/3img.hitv.com\/preview\/sp_images\/2020\/5\/1\/zongyi\/337284\/8003238\/20200501171950908.jpg
85,韫色过浓 时韫乱入直播镜头惨变司机大哥,01:40,100%,电视剧,https:\/\/2img.hitv.com\/preview\/sp_images\/2020\/5\/2\/dianshiju\/338408\/8010766\/20200502192855872.jpg
86,韫色过浓 时韫恶补约会宝典,01:36,100%,电视剧,https:\/\/1img.hitv.com\/preview\/sp_images\/2020\/5\/1\/dianshiju\/338408\/8004679\/20200501221922823.jpg
87,韫色过浓 丁禹兮邀你来看《韫色过浓》云见面会,00:13,85%,电视剧,https:\/\/1img.hitv.com\/preview\/sp_images\/2020\/5\/3\/dianshiju\/338408\/8019713\/20200503174832683.jpg
88,韫色过浓 张予曦邀你来看《韫色过浓》云见面会,00:15,100%,电视剧,https:\/\/1img.hitv.com\/preview\/sp_images\/2020\/5\/3\/dianshiju\/338408\/8019783\/20200503175724233.jpg
89,韫色过浓 韫北夫妇“被迫”同居,01:37,100%,电视剧,https:\/\/0img.hitv.com\/preview\/sp_images\/2020\/5\/1\/dianshiju\/338408\/8004678\/20200501221720565.jpg
90,韫色过浓 韫北夫妇“考拉抱”,01:34,100%,电视剧,https:\/\/1img.hitv.com\/preview\/sp_images\/2020\/5\/1\/dianshiju\/338408\/8004677\/20200501221502813.jpg
91,韫色过浓 有个医生男朋友是什么体验,00:28,1%,电视剧,https:\/\/2img.hitv.com\/preview\/sp_images\/2020\/5\/1\/dianshiju\/338408\/8004955\/20200501225732238.jpg
92,韫色过浓 怎么区分予曦和禹兮,00:38,100%,电视剧,https:\/\/0img.hitv.com\/preview\/sp_images\/2020\/4\/28\/dianshiju\/338408\/7984795\/20200428222414847.jpg
93,韫色过浓 周时韫徐嘉伟正面互怼,01:47,84%,电视剧,https:\/\/2img.hitv.com\/preview\/sp_images\/2020\/5\/1\/dianshiju\/338408\/8004676\/20200501221314355.jpg
94,韫色过浓 情敌上线？矜北录节目受伤,01:50,88%,电视剧,https:\/\/2img.hitv.com\/preview\/sp_images\/2020\/5\/1\/dianshiju\/338408\/8004675\/20200501221003092.jpg
95,秋蝉 任嘉伦括弧笑“眼神杀”绝了,04:40,58%,电视剧,https:\/\/2img.hitv.com\/preview\/sp_images\/2020\/4\/30\/dianshiju\/316458\/7997871\/20200430173001365.jpg
96,海棠经雨胭脂透 第52集 月轩海棠携手相伴,46:21,85%,电视剧,https:\/\/3img.hitv.com\/preview\/internettv\/sp_images\/ott\/2018\/dianshiju\/324284\/20180523161021732-new.jpg
97,潜伏在黎明之前 第1集 潜伏在黎明之前 第1集,45:08,56%,电视剧,https:\/\/0img.hitv.com\/preview\/internettv\/sp_images\/ott\/2017\/dianshiju\/311444\/20170204142219341-new.jpg
98,我的波塞冬 第1集 安菲遇险 叶海出手相救,44:07,6%,电视剧,https:\/\/2img.hitv.com\/preview\/internettv\/sp_images\/ott\/2019\/3\/17\/dianshiju\/322761\/20190317162650298-new.jpg
99,一夜暴福 第1集 诺特的乐队面临解散,24:36,10%,电视剧,https:\/\/0img.hitv.com\/preview\/internettv\/sp_images\/ott\/2020\/4\/22\/dianshiju\/338327\/20200422192009787-new.jpg
100,《韫色过浓》追爱篇：张予曦秒变情话输出机 在线教学恋爱法则,00:23,100%,,https:\/\/2img.hitv.com\/preview\/sp_images\/2020\/4\/29\/dianshiju\/338408\/7991498\/20200429181058932.jpg
101,《韫色过浓》命中注定篇：张予曦丁禹兮定娃娃亲！甜蜜爆表等待专属浪漫,00:40,1%,,https:\/\/1img.hitv.com\/preview\/sp_images\/2020\/4\/30\/dianshiju\/338408\/7997873\/20200430172630982.jpg
102,天醒之路 第1集 路平擅自离队惹怒西凡,46:06,18%,电视剧,https:\/\/0img.hitv.com\/preview\/internettv\/sp_images\/ott\/2020\/4\/9\/dianshiju\/330717\/20200409145746020-new.jpg
103,千金归来 第50集 沈氏千金归来,45:16,96%,电视剧,https:\/\/0img.hitv.com\/preview\/internettv\/sp_images\/ott\/2016\/dianshiju\/42267\/20160527191551563-new.jpg
104,向往的生活 第四季 黄磊终拥有“史上最大厨房” ,00:27,1%,综艺,https:\/\/0img.hitv.com\/preview\/sp_images\/2020\/5\/1\/zongyi\/337284\/8003237\/20200501175155500.jpg
105,向往的生活 第四季 何老师《我们有14位好朋友》,01:08,100%,综艺,https:\/\/3img.hitv.com\/preview\/sp_images\/2020\/5\/1\/zongyi\/337284\/8003239\/20200501173534821.jpg
106,向往的生活 第四季 小O陷入了“婚姻危机”？,01:25,100%,综艺,https:\/\/2img.hitv.com\/preview\/sp_images\/2020\/5\/1\/zongyi\/337284\/8003240\/20200501173720535.jpg
107,向往的生活 第四季 何老师机智歌王回归,02:57,100%,综艺,https:\/\/0img.hitv.com\/preview\/sp_images\/2020\/5\/1\/zongyi\/337284\/8003241\/20200501174533825.jpg
108,三千鸦杀 郑业成X赵露思云见面会全程回顾,72:24,7%,电视剧,https:\/\/2img.hitv.com\/preview\/sp_images\/2020\/3\/27\/dianshiju\/328378\/7784719\/20200327192534090.jpg
109,三千鸦杀 云川夫妇摆摊卖饼 覃川变醋王,03:03,100%,电视剧,https:\/\/0img.hitv.com\/preview\/sp_images\/2020\/4\/10\/dianshiju\/328378\/7867974\/20200410212455339.jpg
110,三千鸦杀 第30集 覃川与傅九云重逢,41:54,94%,电视剧,https:\/\/3img.hitv.com\/preview\/internettv\/sp_images\/ott\/2019\/8\/26\/dianshiju\/328378\/20190826094545357-new.jpg
111,楼下女友请签收 叶总温小暖超甜甜甜测谎,02:56,3%,电视剧,https:\/\/0img.hitv.com\/preview\/sp_images\/2020\/4\/27\/dianshiju\/330994\/7973854\/20200427110427254.jpg
112,楼下女友请签收 韩绘接下双女主大戏挑战温小暖,00:59,3%,电视剧,https:\/\/3img.hitv.com\/preview\/sp_images\/2020\/4\/27\/dianshiju\/330994\/7976267\/20200427161840247.jpg
113,楼下女友请签收 韩绘怀疑蒋放余情未了,01:00,7%,电视剧,https:\/\/1img.hitv.com\/preview\/sp_images\/2020\/4\/26\/dianshiju\/330994\/7967220\/20200426093407973.jpg
114,楼下女友请签收 叶非墨决定公开恋情,01:00,45%,电视剧,https:\/\/2img.hitv.com\/preview\/sp_images\/2020\/4\/26\/dianshiju\/330994\/7967214\/20200426093101414.jpg
115,楼下女友请签收 第26集 小暖为讨好叶非墨展开温柔攻势,35:45,73%,电视剧,https:\/\/3img.hitv.com\/preview\/internettv\/sp_images\/ott\/2019\/12\/19\/dianshiju\/330994\/20191219112621276-new.jpg
116,忘记你，记得爱情 第38集 叶芊语喜披头纱当新娘,54:23,97%,电视剧,https:\/\/2img.hitv.com\/preview\/internettv\/sp_images\/ott\/2020\/3\/18\/dianshiju\/337226\/20200318111752224-new.jpg
117,楼下女友请签收 王冠逸徐好爆笑猜名台词,02:23,12%,电视剧,https:\/\/3img.hitv.com\/preview\/sp_images\/2020\/4\/17\/dianshiju\/330994\/7910492\/20200417143735509.jpg
118,楼下女友请签收 小暖开启恋爱学习模式 叶总太幸福了,00:50,14%,电视剧,https:\/\/0img.hitv.com\/preview\/sp_images\/2020\/4\/25\/dianshiju\/330994\/7964918\/20200425193807473.jpg
119,楼下女友请签收 发糖了发糖了！叶总表白拥吻小暖,00:55,100%,电视剧,https:\/\/3img.hitv.com\/preview\/sp_images\/2020\/4\/25\/dianshiju\/330994\/7964916\/20200425192727354.jpg
