,剧名,集名,标题,总集数,封面图片
0,觉醒,觉醒第14集,童飞杜鹃再相见,47,http://pic0.iqiyipic.com/image/20200701/05/26/v_150281415_m_601.jpg
1,塞上风云记,塞上风云记第15集,吕俊杰购买商队失败,48,http://pic0.iqiyipic.com/image/20200615/be/cb/v_149782572_m_601_m1.jpg
2,嘉人本色,嘉人本色第1集,你追我赶到2000年,24,http://pic6.iqiyipic.com/image/20200612/ff/16/v_149418352_m_601_m5.jpg
3,小娘惹,小娘惹第1集,菊香在黄家受欺负,45,http://pic2.iqiyipic.com/image/20200628/43/09/v_150037849_m_601_m1.jpg
4,蜀山战纪剑侠传奇,蜀山战纪剑侠传奇第50集,赤魂石被毁,56,http://pic4.iqiyipic.com/image/20160129/22/8b/v_110009934_m_601.jpg
5,老九门,老九门第48集,守卫长沙城,48,http://pic1.iqiyipic.com/image/20191101/6a/76/v_110970691_m_601_m2.jpg
6,第一次,第一次,,1,http://pic6.iqiyipic.com/image/20200702/54/e6/v_110379613_m_601_m6.jpg
7,夏日冲浪店,夏日冲浪店之黄明昊冷笑话打败韩东君 黄轩王一博深夜谈心,第1期 黄明昊冷笑话打败韩东君 黄轩王一博深夜谈心,1,http://pic3.iqiyipic.com/image/20200704/2f/bb/v_150284572_m_601_m3.jpg
8,拿什么让你幸福,拿什么让你幸福第22集,,22,http://pic8.iqiyipic.com/image/20200421/dc/86/v_120047663_m_601_m1.jpg
9,无处可逃,无处可逃,,1,http://pic4.iqiyipic.com/image/20190809/61/51/v_110090987_m_601_m5.jpg
10,决战中途岛,决战中途岛,,1,http://pic9.iqiyipic.com/image/20200219/3e/7d/v_144947117_m_601_m2.jpg
11,义道,义道第10集,陈香决定追求幸福,42,http://pic6.iqiyipic.com/image/20200608/56/c4/v_149567612_m_601.jpg
12,局中人,局中人第8集,沈林全方位监视沈放,49,http://pic5.iqiyipic.com/image/20200627/ed/44/v_149851172_m_601_m2.jpg
13,隐秘的角落,隐秘的角落第1集,暑假,12,http://pic8.iqiyipic.com/image/20200616/a1/f0/v_149794687_m_601_m4.jpg
14,特别任务,特别任务第1集,银行职员意外疑点重重,34,http://pic2.iqiyipic.com/image/20200512/35/6d/v_148340441_m_601_m1.jpg
15,反击,反击第34集,,34,http://pic9.iqiyipic.com/image/20141216/5a/fb/v_108794731_m_601.jpg
16,蜗牛与黄鹂鸟,蜗牛与黄鹂鸟第1集,小莴臻言第一次合奏,40,http://pic1.iqiyipic.com/image/20200622/02/12/v_149985976_m_601_m1.jpg
17,决战南京,决战南京第4集,,35,http://pic9.iqiyipic.com/image/20140922/46/e0/v_50007198_m_601_m1.jpg
18,致命追踪,致命追踪第19集,,30,http://pic5.iqiyipic.com/image/20160812/7b/0a/v_110799531_m_601.jpg
19,燃烧,燃烧第44集,赵月娥被抓,51,http://pic7.iqiyipic.com/image/20200619/a5/6a/v_149894205_m_601.jpg
20,皮肤之下,皮肤之下第4集,每个人都有秘密,12,http://pic7.iqiyipic.com/image/20200608/d7/a4/v_148971176_m_601_m2.jpg
21,我们不能是朋友,我们不能是朋友第1集,克桓对惟惟产生好奇,26,http://pic8.iqiyipic.com/image/20190627/9d/a3/v_132011098_m_601_m1.jpg
22,我不是精英,我不是精英第1集,米阳韦晶约会被抓,43,http://pic7.iqiyipic.com/image/20171123/96/ad/v_114034760_m_601_m1.jpg
23,毒战,毒战,,1,http://pic9.iqiyipic.com/image/20200701/30/91/v_50509539_m_601_m10.jpg
24,奔跑吧第4季,奔跑吧第4季之蔡徐坤何穗走T台引尖叫 沙溢老爹审美暴击程潇,第4期 蔡徐坤何穗走T台引尖叫 沙溢老爹审美暴击程潇,1,http://pic7.iqiyipic.com/image/20200620/21/7e/v_149932280_m_601_m2.jpg
25,奔跑吧第4季升级版,奔跑吧第4季升级版之张翰被吐槽中华立领王 沙溢加入红高粱模特队,张翰被吐槽中华立领王 沙溢加入红高粱模特队,1,http://pic5.iqiyipic.com/image/20200621/fd/67/v_149966188_m_601_m4.jpg
26,奔跑吧第3季,奔跑吧第3季之李晨郑恺涂口红变美妆博主 王彦霖陈立农友情考验,第12期 李晨郑恺涂口红变美妆博主 王彦霖陈立农友情考验,1,http://pic0.iqiyipic.com/image/20190712/56/28/v_133258575_m_601_m1.jpg
27,极限挑战第6季,极限挑战6之雷佳音邓伦飙演技套路岳云鹏 贾乃亮郭京飞密谋惊喜,雷佳音邓伦飙演技套路岳云鹏 贾乃亮郭京飞密谋惊喜,1,http://pic9.iqiyipic.com/image/20200622/dc/1d/v_149974639_m_601_m3.jpg
28,覆活,覆活第1集,佑宽克葳共享生命,26,http://pic9.iqiyipic.com/image/20200526/5a/9d/v_149086581_m_601_m1.jpg
29,报告王爷，王妃是只猫第二季,报告王爷，王妃是只猫第二季第2集,阿炎浪漫告白,12,http://pic1.iqiyipic.com/image/20200420/d1/32/v_147386175_m_601_m2.jpg
30,怪你过分美丽,怪你过分美丽第11集,向晚郝迈危机公关,36,http://pic6.iqiyipic.com/image/20200609/f9/1f/v_149451467_m_601_m2.jpg
31,行者2017,穿越沼泽地的过程中，遇到的最致命的问题，最严重可导致人死亡,最严重可导致人死亡,1,http://pic2.iqiyipic.com/image/20200427/26/56/v_147861020_m_601.jpg
32,锦衣之下,锦衣之下第55集,今夏预支俸禄见陆绎,55,http://pic9.iqiyipic.com/image/20200223/11/d3/v_144794405_m_601_m3.jpg
33,猎狐,猎狐第3集,夏远杨建群调查马世才,44,http://pic5.iqiyipic.com/image/20200417/ad/68/v_147384928_m_601_m1.jpg
34,黑狐,黑狐第1集,,38,http://pic5.iqiyipic.com/image/20190702/9b/b1/v_132086422_m_601.jpg
35,一诺无悔,一诺无悔第1集,廖俊波楼下吃剩饭,31,http://pic6.iqiyipic.com/image/20200403/a4/cf/v_146901448_m_601_m2.jpg
36,打骗行动之你被盯上了,打骗行动之你被盯上了第2集,打骗小组正式成立,28,http://pic4.iqiyipic.com/image/20200527/60/5c/v_149159846_m_601_m1.jpg
37,幸福，触手可及！DVD版,幸福，触手可及！DVD版第2集,宋凛将周放告上法庭,45,http://pic8.iqiyipic.com/image/20200518/6b/66/v_148669922_m_601.jpg
38,举起手来2追击阿多丸,举起手来2追击阿多丸,,1,http://pic4.iqiyipic.com/image/20200706/4d/b2/v_62822166_m_601_m6.jpg
39,古董局中局,古董局中局第1集,,36,http://pic8.iqiyipic.com/image/20200507/ff/f1/v_148161501_m_601_m1.jpg
40,秋蝉,秋蝉第49集,叶冲击毙清泉,49,http://pic8.iqiyipic.com/image/20200529/a4/6f/v_148540207_m_601_m2.jpg
41,成化十四年,成化十四年第48集,汪植被派往边关督军,48,http://pic0.iqiyipic.com/image/20200421/fd/af/v_147596447_m_601.jpg
42,特案追缉,特案追缉第13集,奚薇安磊关系升温,29,http://pic4.iqiyipic.com/image/20200430/69/7d/v_147948868_m_601_m1.jpg
43,青春有你第2季,青春有你第2季第22期下 LISA组舞台雨昕变长发 师兄团上演回忆杀,第22期下 LISA组舞台雨昕变长发 师兄团上演回忆杀,1,http://pic5.iqiyipic.com/image/20200524/82/e2/v_149049397_m_601_m1.jpg
44,青春加点戏,青春加点戏之虞书欣打断棠姐温柔电波 孔雪儿在线古装唱跳,加点戏第8期 虞书欣打断棠姐温柔电波 孔雪儿在线古装唱跳,1,http://pic6.iqiyipic.com/image/20200513/13/80/v_148389736_m_601_m1.jpg
45,我要这样生活,我要这样生活第2期上 范丞丞小鬼正骨直拍  邓紫棋与妈妈同款吃播,第2期上 范丞丞小鬼正骨按摩“灵魂出窍”  周笔畅教科书式独居,1,http://pic6.iqiyipic.com/image/20200702/c8/78/v_148289625_m_601_m10.jpg
46,爱情保卫战2020,爱情保卫战之强势女友遇上懦弱男友 男友被骗女孩急哭,强势女友遇上懦弱男友 男友被骗女孩急哭,1,http://pic7.iqiyipic.com/image/20200515/0a/9d/v_148431126_m_601_m1.jpg
47,航海王,航海王 第925集,大显身手! 正义的荞麦假面!,1,http://pic3.iqiyipic.com/image/20200322/70/08/v_146430516_m_601.jpg
48,向往的生活第3季,向往的生活3之彭昱畅励志蜕变记 少年颜值再登巅峰!,彭昱畅励志蜕变记 少年颜值再登巅峰!,1,http://pic7.iqiyipic.com/image/20190730/28/67/v_134817978_m_601.jpg
49,大秧歌,大秧歌第1集,高粱地里被夺吻,79,http://pic8.iqiyipic.com/image/20151026/0d/55/v_109625039_m_601.jpg
50,南方有乔木,南方有乔木第1集,时樾留宿南乔家,40,http://pic4.iqiyipic.com/image/20180402/cf/1b/v_115332543_m_601_m2.jpg
51,错婚,错婚第1集,杨东逃躲追债,33,http://pic9.iqiyipic.com/image/20141015/9b/25/v_108637616_m_601.jpg
52,北京爱情故事,北京爱情故事第1集,林夏吴狄为情跳楼,39,http://pic0.iqiyipic.com/image/20140912/9c/a0/v_50157799_m_601.jpg
53,王牌对王牌第5季,王牌对王牌5之《庆余年》主演齐聚 贾玲cos林婉儿变鸡腿姑娘,《庆余年》主演齐聚 贾玲cos林婉儿变鸡腿姑娘,1,http://pic6.iqiyipic.com/image/20200417/44/97/v_147485554_m_601_m3.jpg
54,经典咏流传第3季,经典咏流传3之肖战rock版《竹石》尽显坚韧 那英深情致敬纳兰词,肖战rock版《竹石》尽显坚韧 那英深情致敬纳兰词,1,http://pic0.iqiyipic.com/image/20200702/7a/f3/v_144424952_m_601_m4.jpg
55,灭顶之灾,灭顶之灾,,1,http://pic5.iqiyipic.com/image/20200706/97/4f/v_108630767_m_601_m7.jpg
56,绝世天劫,绝世天劫,,1,http://pic0.iqiyipic.com/image/20200701/b2/fe/v_50075860_m_601_m10.jpg
57,青春有你2会员升级版,青春有你2会员升级版之蔡徐坤vocal小课堂 爆料尤长靖表演习惯,升级版第1期 蔡徐坤vocal小课堂 爆料尤长靖表演习惯,1,http://pic5.iqiyipic.com/image/20200404/d6/6f/v_146150328_m_601_m5.jpg
58,梦想改造家第6季,梦想改造家6之破旧老城中漏水的婚房 摇身一变前卫小别墅,破旧老城中漏水的婚房 摇身一变前卫小别墅,1,http://pic7.iqiyipic.com/image/20191226/fd/72/v_143005670_m_601_m1.jpg
59,爱情的开关,爱情的开关第1集,周衍照舍身搭救小萌,48,http://pic7.iqiyipic.com/image/20200331/ef/ec/v_146757974_m_601_m1.jpg
60,琅琊榜,琅琊榜第1集,麒麟才子得之得天下,54,http://pic6.iqiyipic.com/image/20150918/9b/63/v_109494958_m_601.jpg
61,法网追击,法网追击第1集,女老大被监视居住,30,http://pic8.iqiyipic.com/image/20200323/b2/55/v_146170596_m_601_m4.jpg
62,出轨,出轨第1集,,26,http://pic7.iqiyipic.com/image/20170419/c0/24/v_112127385_m_601.jpg
63,危险的她,危险的她第14集,猜不到的真相,14,http://pic6.iqiyipic.com/image/20200228/4d/e5/v_145438486_m_601_m2.jpg
64,变形警车珀利 第2季,变形警车珀利 第2季 第16集 装病的斯普奇,装病的斯普奇,52,http://pic7.iqiyipic.com/image/20200306/5f/8e/v_145783147_m_601.jpg
65,谁都渴望遇见你,谁都渴望遇见你第1集,张泯罗溪海岸初遇,36,http://pic1.iqiyipic.com/image/20200215/4e/d9/v_145027940_m_601_m2.jpg
66,鬓边不是海棠红,鬓边不是海棠红第1集,商细蕊名动北平,49,http://pic0.iqiyipic.com/image/20200602/17/64/v_146341080_m_601_m6.jpg
67,两世欢,两世欢第1集,眠晚为景辞炖汤受伤,36,http://pic8.iqiyipic.com/image/20200223/1d/41/v_144921545_m_601_m3.jpg
68,天赐的声音,天赐的声音之小虎队重聚！陈志朋唱哭苏有朋 王晰Rap被批土味喊麦,第2期 小虎队重聚！陈志朋唱哭苏有朋 王晰Rap被批土味喊麦,1,http://pic5.iqiyipic.com/image/20200318/70/8a/v_145301875_m_601_m4.jpg
69,《明朝那些事儿》故事解读,大明风华-7,大明风华-7,1,http://pic0.iqiyipic.com/image/20200316/25/33/v_144230014_m_601_m1.jpg
70,汪汪队立大功 第4季,汪汪队立大功 第4季 第14集 小猫咪别飞走,小猫咪别飞走,26,http://pic3.iqiyipic.com/image/20181128/0d/e7/v_114616067_m_601_m1.jpg
71,新世界,新世界第1集,徐天追捕吸毒者张帆,70,http://pic4.iqiyipic.com/image/20200113/e9/f1/v_143772179_m_601_m3.jpg
72,跛豪,跛豪,,1,http://pic0.iqiyipic.com/image/20200701/8a/e9/v_62646157_m_601_m4.jpg
73,汪汪队立大功全集,汪汪队立大功全集 第53集,狗狗和精灵,1,http://pic2.iqiyipic.com/image/20190305/f0/ed/v_111715489_m_601_m2.jpg
74,汪汪队立大功 第5季,汪汪队立大功 第5季 第6集 海洋巡逻队 飞天潜水钟,海洋巡逻队 飞天潜水钟,26,http://pic2.iqiyipic.com/image/20190916/fd/e0/v_138040960_m_601.jpg
75,上古密约,上古密约第1集,平原王府遭夜袭,45,http://pic9.iqiyipic.com/image/20200209/5b/e7/v_144797668_m_601.jpg
76,全球风暴（普通话）,全球风暴（普通话）,,1,http://pic8.iqiyipic.com/image/20200706/3b/75/v_124580384_m_601_m12.jpg
77,传染病,传染病,,1,http://pic2.iqiyipic.com/image/20200702/03/0b/v_111458160_m_601_m9.jpg
78,变形金刚之超能勇士 原声高清版,超能勇士英文版 第1集,野兽之战(上),52,http://pic2.iqiyipic.com/image/20171029/64/98/v_109912801_m_601_m1.jpg
79,爱情公寓5,爱情公寓5第5集,我家宝藏,36,http://pic3.iqiyipic.com/image/20200112/f4/29/v_143846112_m_601_m2.jpg
80,汪汪队立大功 第3季,汪汪队立大功 第3季 第24集,,1,http://pic7.iqiyipic.com/image/20170929/eb/53/v_113113158_m_601_m1.jpg
81,肥龙过江,肥龙过江,,1,http://pic4.iqiyipic.com/image/20200312/1a/93/v_115489579_m_601_m15.jpg
82,同学两亿岁,同学两亿岁第6集,你是其中哪一个,24,http://pic0.iqiyipic.com/image/20180525/09/06/v_116311619_m_601.jpg
83,金瓶梅.3,《金瓶梅.3》：一筐雪梨引发的捉奸行动,长篇世情小说的开山之作,6,http://pic1.iqiyipic.com/image/20191202/e4/6e/v_141951711_m_601.jpg
84,新少林寺,新少林寺,,1,http://pic8.iqiyipic.com/image/20200701/28/4c/v_50073648_m_601_m10.jpg
85,解救吾先生,解救吾先生,,1,http://pic9.iqiyipic.com/image/20200702/a8/12/v_109671404_m_601_m10.jpg
86,特警队,特警队,,1,http://pic3.iqiyipic.com/image/20200706/65/5d/v_141020284_m_601_m15.jpg
87,北灵少年志之大主宰,北灵少年志之大主宰第1集,牧尘洛璃初相遇,48,http://pic8.iqiyipic.com/image/20200129/e0/c1/v_144488022_m_601.jpg
88,超级飞侠 第7季,超级飞侠 第7季 第5集 勒罗斯的雪花公主,勒罗斯的雪花公主,20,http://pic8.iqiyipic.com/image/20191031/cb/b4/v_140208891_m_601_m1.jpg
89,最强战士之迷你特工队,最强战士之迷你特工队 第1集 新英雄诞生,新英雄诞生,1,http://pic9.iqiyipic.com/image/20181031/2d/0c/v_110086077_m_601_m2.jpg
90,帮帮龙出动之恐龙探险队 第2季,帮帮龙出动之恐龙探险队 第2季 第1集 迅猛龙的帮助,迅猛龙的帮助,26,http://pic9.iqiyipic.com/image/20180919/14/30/v_119092637_m_601.jpg
91,宝宝巴士启蒙音乐剧之美食总动员,宝宝巴士美食总动员 第1集 彩虹糖去游泳,彩虹糖去游泳,1,http://pic3.iqiyipic.com/image/20181130/89/44/v_115602254_m_601_m2.jpg
92,爱情公寓番外篇,爱情公寓番外篇 第四集《白雪公主》,曾小贤变身邪恶皇后,4,http://pic1.iqiyipic.com/image/20150525/12/98/v_109172336_m_601.jpg
93,庆余年,庆余年第45集,范闲海棠切磋武艺,46,http://pic6.iqiyipic.com/image/20200108/9d/98/v_143151510_m_601_m3.jpg
94,剑王朝,剑王朝第34集,丁宁一夜白头,34,http://pic5.iqiyipic.com/image/20191223/c3/2f/v_142346312_m_601_m1.jpg
95,航海王：狂热行动,航海王：狂热行动,,1,http://pic9.iqiyipic.com/image/20200120/78/b2/v_142808715_m_601_m5.jpg
96,十里桃花后传,十里桃花后传第8集,白浅上演仙女说书,24,http://pic3.iqiyipic.com/image/20180117/0a/df/v_114631833_m_601_m1.jpg
97,剑王朝,剑王朝 第1集 百鬼夜行 丁夜初识宽衣,百鬼夜行 丁夜初识宽衣,12,http://pic1.iqiyipic.com/image/20170425/54/73/v_112204554_m_601.jpg
98,中国机长,中国机长,,1,http://pic6.iqiyipic.com/image/20200225/5d/3b/v_127077106_m_601_m14.jpg
99,海贼王和之国最新报道,海贼王：四皇红发到底有多强？和凯多一对比你就知道了，强得可怕,四皇红发到底有多强？,1,http://pic0.iqiyipic.com/image/20190228/a4/be/v_126049272_m_601.jpg
